{"metrics_summary": {"label_aps": {"car": {"0.5": 0.7753882126112369, "1.0": 0.8715836510342682, "2.0": 0.8979418799045422, "4.0": 0.9100467143447902}, "truck": {"0.5": 0.3938380187374166, "1.0": 0.5646286665208428, "2.0": 0.641248544828858, "4.0": 0.6640850121462955}, "bus": {"0.5": 0.4762630990206763, "1.0": 0.6711298490465327, "2.0": 0.6979114669928541, "4.0": 0.7214345199714249}, "trailer": {"0.5": 0.31118984660235155, "1.0": 0.5733182677997408, "2.0": 0.6746674519516321, "4.0": 0.7404442823208105}, "construction_vehicle": {"0.5": 0.04467261820902863, "1.0": 0.21187599001633878, "2.0": 0.4050112271121089, "4.0": 0.4687289398921032}, "pedestrian": {"0.5": 0.8324241195095328, "1.0": 0.8517816369675133, "2.0": 0.8610328141471808, "4.0": 0.8768336989110805}, "motorcycle": {"0.5": 0.6401133827941622, "1.0": 0.6990390445774898, "2.0": 0.7211304211134896, "4.0": 0.7293084176496792}, "bicycle": {"0.5": 0.43129318741017486, "1.0": 0.4628014686259797, "2.0": 0.47410971388977863, "4.0": 0.4834450668271735}, "traffic_cone": {"0.5": 0.7839345956924177, "1.0": 0.7969410195331477, "2.0": 0.8062712089681602, "4.0": 0.8229253559817361}, "barrier": {"0.5": 0.5925503928985507, "1.0": 0.7002772687281766, "2.0": 0.7206504930152671, "4.0": 0.7280551847311192}}, 
"mean_dist_aps": {
    "car": 0.8637401144737095, 
    "truck": 0.5659500605583532, 
    "bus": 0.641684733757872, 
    "trailer": 0.5749049621686337, 
    "construction_vehicle": 0.28257219380739484, 
    "pedestrian": 0.8555180673838269, 
    "motorcycle": 0.6973978165337053, 
    "bicycle": 0.46291235918827667, 
    "traffic_cone": 0.8025180450438655, 
    "barrier": 0.6853833348432784
}, 
"mean_ap": 0.6432581687758916, 
"label_tp_errors": {"car": {"trans_err": 0.17303065046345317, "scale_err": 0.14671239622898696, "orient_err": 0.08102995451931079, "vel_err": 0.18507394322871296, "attr_err": 0.11441070688011103}, "truck": {"trans_err": 0.31645078953092437, "scale_err": 0.1778600177068486, "orient_err": 0.045479734818739855, "vel_err": 0.24284320980074547, "attr_err": 0.14423427244365886}, "bus": {"trans_err": 0.2732616128755839, "scale_err": 0.15014039945184168, "orient_err": 0.01993144050531584, "vel_err": 0.4622227205699812, "attr_err": 0.3210959345081133}, "trailer": {"trans_err": 0.3863741876561319, "scale_err": 0.14412315194842484, "orient_err": 0.7600658279417919, "vel_err": 0.1849951410931667, "attr_err": 0.13031071291541413}, "construction_vehicle": {"trans_err": 0.6364163465811569, "scale_err": 0.3560493668826858, "orient_err": 1.0757211730092617, "vel_err": 0.1283254438150279, "attr_err": 0.04461196240062625}, "pedestrian": {"trans_err": 0.12998062581594924, "scale_err": 0.29290468375239387, "orient_err": 0.33807342359038184, "vel_err": 0.18786933496533662, "attr_err": 0.11165426186908442}, "motorcycle": {"trans_err": 0.16753461162875097, "scale_err": 0.23475379117892103, "orient_err": 0.21143469028114034, "vel_err": 0.3982987210449201, "attr_err": 0.09939664666913345}, "bicycle": {"trans_err": 0.15982730295971462, "scale_err": 0.2612371752367802, "orient_err": 0.31020888926665496, "vel_err": 0.1818715056615029, "attr_err": 0.04270249193443815}, "traffic_cone": {"trans_err": 0.11321504722227596, "scale_err": 0.34435146108134634, "orient_err": NaN, "vel_err": NaN, "attr_err": NaN}, "barrier": {"trans_err": 0.20312033093157414, "scale_err": 0.2619801958152215, "orient_err": 0.03815703471977316, "vel_err": NaN, "attr_err": NaN}}, "tp_errors": {"trans_err": 0.25592115056655157, "scale_err": 0.2370112639283451, "orient_err": 0.32001135207248566, "vel_err": 0.24643750252242422, "attr_err": 0.12605212370257246}, "tp_scores": {"trans_err": 0.7440788494334485, "scale_err": 0.762988736071655, "orient_err": 0.6799886479275143, "vel_err": 0.7535624974775758, "attr_err": 0.8739478762974275}, "nd_score": 0.7030857451087079, "eval_time": 239.09742665290833}, "result": {"mAP": 0.6432581687758916, "mATE": 0.25592115056655157, "mASE": 0.2370112639283451, "mAOE": 0.32001135207248566, "mAVE": 0.24643750252242422, "mAAE": 0.12605212370257246, "NDS": 0.7030857451087079}}