{
  "label_aps": {
    "car": {
      "0.5": 0.781256972686916,
      "1.0": 0.8735866702284928,
      "2.0": 0.9043777931918524,
      "4.0": 0.9156543393039543
    },
    "truck": {
      "0.5": 0.40774027416804354,
      "1.0": 0.5767520405700746,
      "2.0": 0.6829430791101997,
      "4.0": 0.7228185511456966
    },
    "bus": {
      "0.5": 0.47064891650170554,
      "1.0": 0.7214139732112418,
      "2.0": 0.8281414542181025,
      "4.0": 0.8425390737194098
    },
    "trailer": {
      "0.5": 0.11667705500054476,
      "1.0": 0.3487834163179781,
      "2.0": 0.5140444272730447,
      "4.0": 0.6506019367452112
    },
    "construction_vehicle": {
      "0.5": 0.05380303330647717,
      "1.0": 0.1561878918496321,
      "2.0": 0.3408572169024892,
      "4.0": 0.44817047812648814
    },
    "pedestrian": {
      "0.5": 0.8388017096059618,
      "1.0": 0.8546799919515937,
      "2.0": 0.8666280086938005,
      "4.0": 0.8781178639867033
    },
    "motorcycle": {
      "0.5": 0.6468738202739722,
      "1.0": 0.749580060197046,
      "2.0": 0.7647679324813921,
      "4.0": 0.769059059625522
    },
    "bicycle": {
      "0.5": 0.5870686669579861,
      "1.0": 0.6119623529736974,
      "2.0": 0.6151100022802863,
      "4.0": 0.6203171435155689
    },
    "traffic_cone": {
      "0.5": 0.7055365479166736,
      "1.0": 0.715775207384702,
      "2.0": 0.73325969765067,
      "4.0": 0.7594485607191043
    },
    "barrier": {
      "0.5": 0.5741062787416875,
      "1.0": 0.6581853244685768,
      "2.0": 0.6928092996997527,
      "4.0": 0.706238367023092
    }
  },
  "mean_dist_aps": {
    "car": 0.8687189438528039,
    "truck": 0.5975634862485035,
    "bus": 0.7156858544126148,
    "trailer": 0.4075267088341947,
    "construction_vehicle": 0.24975465504627165,
    "pedestrian": 0.8595568935595148,
    "motorcycle": 0.7325702181444831,
    "bicycle": 0.6086145414318846,
    "traffic_cone": 0.7285050034177875,
    "barrier": 0.6578348174832772
  },
  "mean_ap": 0.6426331122431336,
  "label_tp_errors": {
    "car": {
      "trans_err": 0.17399950550440885,
      "scale_err": 0.15102354093086,
      "orient_err": 0.0785005061583525,
      "vel_err": 0.21222927773532063,
      "attr_err": 0.18387970539692677
    },
    "truck": {
      "trans_err": 0.3372544653732322,
      "scale_err": 0.17569484073651,
      "orient_err": 0.06329804794987645,
      "vel_err": 0.19392990679160335,
      "attr_err": 0.22230024072234447
    },
    "bus": {
      "trans_err": 0.3184139606812576,
      "scale_err": 0.17921983547559903,
      "orient_err": 0.02273242948231762,
      "vel_err": 0.42724229838153566,
      "attr_err": 0.2529379202885884
    },
    "trailer": {
      "trans_err": 0.49525163183915527,
      "scale_err": 0.19310795465438943,
      "orient_err": 0.4005067824013821,
      "vel_err": 0.2179860909860118,
      "attr_err": 0.16242457320012102
    },
    "construction_vehicle": {
      "trans_err": 0.6742539731509455,
      "scale_err": 0.43418651328175206,
      "orient_err": 0.8529278879404413,
      "vel_err": 0.11367334625535279,
      "attr_err": 0.29876555153796525
    },
    "pedestrian": {
      "trans_err": 0.1335379182038952,
      "scale_err": 0.27279754533508566,
      "orient_err": 0.3500728874693834,
      "vel_err": 0.19721406131173114,
      "attr_err": 0.0861801692370873
    },
    "motorcycle": {
      "trans_err": 0.18717617641814016,
      "scale_err": 0.22376270431717485,
      "orient_err": 0.17665912206767379,
      "vel_err": 0.3120770556830951,
      "attr_err": 0.2618389188982989
    },
    "bicycle": {
      "trans_err": 0.1435969234010079,
      "scale_err": 0.268894084495313,
      "orient_err": 0.21139532097237326,
      "vel_err": 0.150467360244967,
      "attr_err": 0.013135683314341255
    },
    "traffic_cone": {
      "trans_err": 0.1248642954371253,
      "scale_err": 0.3256812021818086,
      "orient_err": NaN,
      "vel_err": NaN,
      "attr_err": NaN
    },
    "barrier": {
      "trans_err": 0.19028292896000887,
      "scale_err": 0.29551347784753235,
      "orient_err": 0.04947515859459645,
      "vel_err": NaN,
      "attr_err": NaN
    }
  },
  "tp_errors": {
    "trans_err": 0.27786317789691767,
    "scale_err": 0.25198816992560247,
    "orient_err": 0.24506312700404406,
    "vel_err": 0.2281024246737022,
    "attr_err": 0.18518284532445917
  },
  "tp_scores": {
    "trans_err": 0.7221368221030824,
    "scale_err": 0.7480118300743975,
    "orient_err": 0.7549368729959559,
    "vel_err": 0.7718975753262978,
    "attr_err": 0.8148171546755408
  },
  "nd_score": 0.7024965816390942,
  "eval_time": 139.11349654197693,
  "cfg": {
    "class_range": {
      "car": 50,
      "truck": 50,
      "bus": 50,
      "trailer": 50,
      "construction_vehicle": 50,
      "pedestrian": 40,
      "motorcycle": 40,
      "bicycle": 40,
      "traffic_cone": 30,
      "barrier": 30
    },
    "dist_fcn": "center_distance",
    "dist_ths": [
      0.5,
      1.0,
      2.0,
      4.0
    ],
    "dist_th_tp": 2.0,
    "min_recall": 0.1,
    "min_precision": 0.1,
    "max_boxes_per_sample": 500,
    "mean_ap_weight": 5
  },
  "meta": {
    "use_camera": false,
    "use_lidar": true,
    "use_radar": false,
    "use_map": false,
    "use_external": false
  }
}